Rk,Player,Pos,Age,Tm,MP,FG,FGA,FG%,TRB,AST,STL,BLK,PTS,STARS
1,James Harden,SG,30,HOU,36.5,9.9,22.3,0.444,6.6,7.5,1.8,0.9,34.3,5
2,Bradley Beal,SG,26,WAS,36,10.4,22.9,0.455,4.2,6.1,1.2,0.4,30.5,5
3,Damian Lillard,PG,29,POR,37.5,9.5,20.4,0.463,4.3,8,1.1,0.3,30,5
4,Trae Young,PG,21,ATL,35.3,9.1,20.8,0.437,4.3,9.3,1.1,0.1,29.6,5
5,Giannis Antetokounmpo,PF,25,MIL,30.4,10.9,19.7,0.553,13.6,5.6,1,1,29.5,5
6,Luka Doncic,PG,20,DAL,33.6,9.5,20.6,0.463,9.4,8.8,1,0.2,28.8,5
7,Russell Westbrook,PG,31,HOU,35.9,10.6,22.5,0.472,7.9,7,1.6,0.4,27.2,5
8,Kawhi Leonard,SF,28,LAC,32.4,9.3,19.9,0.47,7.1,4.9,1.8,0.6,27.1,5
9,Devin Booker,SG,23,PHO,35.9,9,18.3,0.489,4.2,6.5,0.7,0.3,26.6,5
10,Anthony Davis,PF,26,LAL,34.4,8.9,17.7,0.503,9.3,3.2,1.5,2.3,26.1,5
11,LeBron James,PG,35,LAL,34.6,9.6,19.4,0.493,7.8,10.2,1.2,0.5,25.3,5
12,Donovan Mitchell,SG,23,UTA,34.3,8.7,19.4,0.449,4.4,4.3,1,0.2,24,5
13,Jayson Tatum,PF,21,BOS,34.3,8.4,18.6,0.45,7,3,1.4,0.9,23.4,5
14,Kemba Walker,PG,29,BOS,31.1,6.8,15.9,0.425,3.9,4.8,0.9,0.5,20.4,5
15,Kristaps Porzingis,PF,24,DAL,31.8,7,16.4,0.427,9.5,1.8,0.7,2,20.4,5
16,Nikola Jokic,C,24,DEN,32,7.7,14.7,0.528,9.7,7,1.2,0.6,19.9,5
17,Jimmy Butler,SF,30,MIA,33.8,5.9,13.1,0.455,6.7,6,1.8,0.6,19.9,5
18,Rudy Gobert,C,27,UTA,34.3,5.7,8.2,0.693,13.5,1.5,0.8,2,15.1,5
19,Pascal Siakam,PF,25,TOR,35.2,8.3,18.4,0.453,7.3,3.5,1,0.9,22.9,4
20,CJ McCollum,SG,28,POR,36.5,8.7,19.4,0.451,4.2,4.4,0.8,0.6,22.2,4
21,Zach LaVine,SG,24,CHI,34.8,9,20,0.45,4.8,4.2,1.5,0.5,25.5,4
22,Brandon Ingram,PF,22,NOP,33.9,8.2,17.7,0.463,6.1,4.2,1,0.6,23.8,4
23,DeMar DeRozan,SF,30,SAS,34.1,8.2,15.4,0.531,5.5,5.6,1,0.3,22.1,4
24,Andrew Wiggins,SF,24,GSW,34.4,8.1,18.1,0.447,5.1,3.7,0.8,1,21.8,4
25,De'Aaron Fox,PG,22,SAC,32,7.7,16,0.48,3.8,6.8,1.5,0.5,21.1,4
26,Khris Middleton,SF,28,MIL,29.9,7.6,15.3,0.497,6.2,4.3,0.9,0.1,20.9,4
27,Collin Sexton,SG,21,CLE,33,7.9,16.7,0.472,3.1,3,1,0.1,20.8,4
28,Spencer Dinwiddie,SG,26,BRK,31.2,6.6,16,0.415,3.5,6.8,0.6,0.3,20.6,4
29,Jaylen Brown,SF,23,BOS,33.9,7.5,15.6,0.481,6.4,2.1,1.1,0.4,20.3,4
30,T.J. Warren,SF,26,IND,32.9,8,14.9,0.536,4.2,1.5,1.2,0.5,19.8,4
31,Nikola Vucevic,C,29,ORL,32.2,8,16.7,0.477,10.9,3.6,0.9,0.8,19.6,4
32,Tobias Harris,PF,27,PHI,34.3,7.7,16.3,0.471,6.9,3.2,0.7,0.6,19.6,4
33,Julius Randle,PF,25,NYK,32.5,7.2,15.7,0.46,9.7,3.1,0.8,0.3,19.5,4
34,Kyle Lowry,PG,33,TOR,36.2,5.8,13.8,0.416,5,7.5,1.4,0.4,19.4,4
35,Buddy Hield,SG,27,SAC,30.8,6.9,16.1,0.429,4.6,3,0.9,0.2,19.2,4
36,Jrue Holiday,SG,29,NOP,34.7,7.5,16.5,0.455,4.8,6.7,1.6,0.8,19.1,4
37,Shai Gilgeous-Alexander,SG,21,OKC,34.7,6.8,14.5,0.471,5.9,3.3,1.1,0.7,19,4
38,LaMarcus Aldridge,C,34,SAS,33.1,7.4,15,0.493,7.4,2.4,0.7,1.6,18.9,4
39,Danilo Gallinari,PF,31,OKC,29.6,5.8,13.2,0.438,5.2,1.9,0.7,0.1,18.7,4
40,Montrezl Harrell,C,26,LAC,27.8,7.5,12.9,0.58,7.1,1.7,0.6,1.1,18.6,4
41,Jamal Murray,PG,22,DEN,32.3,6.9,15.2,0.456,4,4.8,1.1,0.3,18.5,4
42,Domantas Sabonis,PF,23,IND,34.8,7.4,13.7,0.54,12.4,5,0.8,0.5,18.5,4
43,Ja Morant,PG,20,MEM,31,6.7,14,0.477,3.9,7.3,0.9,0.3,17.8,4
44,Andre Drummond,C,26,NYK,33,7.3,13.8,0.533,15.2,2.7,1.9,1.6,17.7,4
45,Kevin Love,PF,31,CLE,31.8,5.8,13,0.45,9.8,3.2,0.6,0.3,17.6,4
46,Chris Paul,PG,34,OKC,31.5,6.2,12.7,0.489,5,6.7,1.6,0.2,17.6,4
47,Fred VanVleet,PG,25,TOR,35.7,5.9,14.3,0.413,3.8,6.6,1.9,0.3,17.6,4
48,Gordon Hayward,SF,29,BOS,33.5,6.7,13.5,0.5,6.7,4.1,0.7,0.4,17.5,4
49,Jaren Jackson Jr.,C,20,MEM,28.5,6.2,13.2,0.469,4.6,1.4,0.7,1.6,17.4,4
50,Malcolm Brogdon,PG,27,IND,30.9,6,13.8,0.438,4.9,7.1,0.6,0.2,16.5,4
51,Ben Simmons,PG,23,PHI,35.4,6.6,11.4,0.58,7.8,8,2.1,0.6,16.4,4
52,Bam Adebayo,PF,22,MIA,33.6,6.1,11,0.557,10.2,5.1,1.1,1.3,15.9,4
53,Hassan Whiteside,C,30,POR,30,6.5,10.5,0.621,13.5,1.2,0.4,2.9,15.5,4
54,Eric Bledsoe,PG,30,MIL,27,5.5,11.5,0.475,4.6,5.4,0.9,0.4,14.9,4
55,Brook Lopez,C,31,MIL,26.7,4.3,9.9,0.435,4.6,1.5,0.7,2.4,12,4
56,Bojan Bogdanovic,SF,30,UTA,33.1,6.6,14.8,0.447,4.1,2.1,0.5,0.1,20.2,3
57,Dennis Schroder,PG,26,OKC,30.8,7,14.8,0.469,3.6,4,0.7,0.2,18.9,3
58,Kelly Oubre Jr.,SF,24,PHO,34.5,6.7,14.8,0.452,6.4,1.5,1.3,0.7,18.7,3
59,Evan Fournier,SG,27,ORL,31.5,6.6,14.1,0.467,2.6,3.2,1.1,0.2,18.5,3
60,Devonte' Graham,PG,24,CHO,35.1,5.8,15.3,0.382,3.4,7.5,1,0.2,18.2,3
61,Lou Williams,SG,33,LAC,28.7,6,14.4,0.418,3.1,5.6,0.7,0.2,18.2,3
62,Derrick Rose,PG,31,DET,26,7.4,15.1,0.49,2.4,5.6,0.8,0.3,18.1,3
63,Terry Rozier,PG,25,CHO,34.3,6.3,14.9,0.423,4.4,4.1,1,0.2,18,3
64,Marcus Morris,SF,30,LAC,31.2,5.7,13.1,0.438,5,1.4,0.8,0.5,16.7,3
65,Dillon Brooks,SG,24,MEM,28.9,6,14.6,0.407,3.3,2.1,0.9,0.4,16.2,3
66,Goran Dragic,PG,33,MIA,28.2,5.4,12.3,0.441,3.2,5.1,0.7,0.2,16.2,3
67,Norman Powell,SG,26,TOR,28.4,5.7,11.5,0.495,3.7,1.8,1.2,0.4,16,3
68,Tim Hardaway Jr.,SG,27,DAL,29.5,5.4,12.5,0.434,3.3,1.9,0.6,0.1,15.8,3
69,Carmelo Anthony,PF,35,POR,32.8,5.8,13.5,0.43,6.3,1.5,0.8,0.5,15.4,3
70,Serge Ibaka,C,30,TOR,27,6.2,12.2,0.512,8.2,1.4,0.5,0.8,15.4,3
71,Davis Bertans,PF,27,WAS,29.3,4.9,11.3,0.434,4.5,1.7,0.7,0.6,15.4,3
72,Kendrick Nunn,SG,24,MIA,29.3,6,13.6,0.439,2.7,3.3,0.8,0.2,15.3,3
73,J.J. Redick,SG,35,NOP,26.4,4.8,10.5,0.453,2.5,2,0.3,0.2,15.3,3
74,Jordan Clarkson,SG,27,UTA,24,5.5,12.2,0.454,2.6,1.9,0.6,0.2,15.2,3
75,Will Barton,SF,29,DEN,33,5.7,12.7,0.45,6.3,3.7,1.1,0.5,15.1,3
76,Bogdan Bogdanovic,SG,27,SAC,29,5.5,12.6,0.44,3.4,3.4,1,0.2,15.1,3
77,Alec Burks,SG,28,PHI,26.6,4.9,11.6,0.418,4.3,2.9,0.9,0.3,15,3
78,Jonas Valanciunas,C,27,MEM,26.4,6.2,10.6,0.585,11.3,1.9,0.4,1.1,14.9,3
79,Lauri Markkanen,PF,22,CHI,29.8,5,11.8,0.425,6.3,1.5,0.8,0.5,14.7,3
80,Terrence Ross,SG,28,ORL,27.4,4.9,12.3,0.403,3.2,1.2,1.1,0.3,14.7,3
81,Joe Harris,SF,28,BRK,30.8,5.5,11.4,0.486,4.3,2.1,0.6,0.2,14.5,3
82,Harrison Barnes,PF,27,SAC,34.5,5.1,11,0.46,4.9,2.2,0.6,0.2,14.5,3
83,Aaron Gordon,PF,24,ORL,32.5,5.4,12.4,0.437,7.7,3.7,0.8,0.6,14.4,3
84,RJ Barrett,SG,19,NYK,30.4,5.2,13,0.402,5,2.6,1,0.3,14.3,3
85,Eric Paschall,PF,23,GSW,27.6,5.3,10.7,0.497,4.6,2.1,0.5,0.2,14,3
86,Josh Richardson,SG,26,PHI,30.8,5.1,11.7,0.43,3.2,2.9,0.9,0.7,13.7,3
87,Duncan Robinson,SF,25,MIA,29.7,4.4,9.4,0.47,3.2,1.4,0.5,0.3,13.5,3
88,Tyler Herro,SG,20,MIA,27.4,4.9,11.5,0.428,4.1,2.2,0.6,0.2,13.5,3
89,Coby White,SG,19,CHI,25.8,4.8,12.2,0.394,3.5,2.7,0.8,0.1,13.2,3
90,Christian Wood,PF,24,DET,21.4,4.6,8.2,0.567,6.3,1,0.5,0.9,13.1,3
91,Miles Bridges,SF,21,CHO,30.7,4.9,11.6,0.424,5.6,1.8,0.6,0.7,13,3
92,Ricky Rubio,PG,29,PHO,31,4.4,10.6,0.415,4.7,8.8,1.4,0.2,13,3
93,Marcus Smart,SG,25,BOS,32,4.3,11.4,0.375,3.8,4.9,1.7,0.5,12.9,3
94,Kyle Kuzma,PF,24,LAL,25,4.8,11,0.436,4.5,1.3,0.5,0.4,12.8,3
95,Damion Lee,SG,27,GSW,29,4.3,10.4,0.417,4.9,2.7,1,0.1,12.7,3
96,Seth Curry,SG,29,DAL,24.6,4.4,9,0.495,2.3,1.9,0.6,0.1,12.4,3
97,Robert Covington,PF,29,HOU,30.5,4.4,10.3,0.422,6.6,1.3,1.6,1.3,12.4,3
98,De'Andre Hunter,SF,22,ATL,32,4.4,10.8,0.41,4.5,1.8,0.7,0.3,12.3,3
99,Darius Garland,PG,20,CLE,30.9,4.7,11.8,0.401,1.9,3.9,0.7,0.1,12.3,3
100,Kevin Huerter,SG,21,ATL,31.4,4.5,10.9,0.413,4.1,3.8,0.9,0.5,12.2,3
101,P.J. Washington,PF,21,CHO,30.3,4.6,10.2,0.455,5.4,2.1,0.9,0.8,12.2,3
102,Taurean Prince,SF,25,BRK,29,4.3,11.5,0.376,6,1.8,0.9,0.4,12.1,3
103,Myles Turner,C,23,IND,29.5,4.3,9.5,0.457,6.6,1.2,0.7,2.1,12.1,3
104,Brandon Clarke,PF,23,MEM,22.4,5.1,8.3,0.618,5.9,1.4,0.6,0.8,12.1,3
105,Markelle Fultz,PG,21,ORL,27.7,5,10.7,0.465,3.3,5.1,1.3,0.2,12.1,3
106,Tristan Thompson,C,28,CLE,30.2,5.1,9.9,0.512,10.1,2.1,0.6,0.9,12,3
107,Jerami Grant,PF,25,DEN,26.6,4.3,8.9,0.478,3.5,1.2,0.7,0.8,12,3
108,Al Horford,C,33,PHI,30.2,4.8,10.6,0.45,6.8,4,0.8,0.9,11.9,3
109,Lonzo Ball,PG,22,NOP,32.1,4.4,10.9,0.403,6.1,7,1.4,0.6,11.8,3
110,Glenn Robinson III,SF,26,PHI,28.8,4.6,9.5,0.486,4.4,1.5,0.9,0.3,11.7,3
111,Patty Mills,PG,31,SAS,22.5,3.9,9.1,0.431,1.6,1.8,0.8,0.1,11.6,3
112,Nemanja Bjelica,PF,31,SAC,27.9,4.4,9.1,0.481,6.4,2.8,0.9,0.6,11.5,3
113,Derrick White,SG,25,SAS,24.7,3.7,8.1,0.458,3.3,3.5,0.6,0.9,11.3,3
114,Bryn Forbes,SG,26,SAS,25.1,3.8,9.2,0.417,2,1.7,0.5,0,11.2,3
115,Malik Beasley,SG,23,MIN,22,4.1,9.7,0.425,2.7,1.4,0.7,0.1,11.2,3
116,Jarrett Allen,C,21,BRK,26.5,4.3,6.6,0.649,9.6,1.6,0.6,1.3,11.1,3
117,Cody Zeller,C,27,CHO,23.1,4.3,8.3,0.524,7.1,1.5,0.7,0.4,11.1,3
118,Cedi Osman,SF,24,CLE,29.4,4.1,9.4,0.437,3.6,2.4,0.8,0.2,11,3
119,Steven Adams,C,26,OKC,26.7,4.5,7.6,0.592,9.3,2.3,0.8,1.1,10.9,3
120,Dejounte Murray,PG,23,SAS,25.6,4.5,9.7,0.462,5.8,4.1,1.7,0.3,10.9,3
121,Jeff Teague,PG,31,ATL,24.8,3.6,8.3,0.436,2.4,5.2,0.7,0.3,10.9,3
122,Ish Smith,PG,31,WAS,26.3,4.5,10.1,0.447,3.2,4.9,0.9,0.4,10.9,3
123,Rudy Gay,PF,33,SAS,21.8,4,8.9,0.446,5.4,1.7,0.5,0.5,10.8,3
124,Dario Saric,PF,25,PHO,24.7,3.9,8.2,0.476,6.2,1.9,0.6,0.2,10.7,3
125,OG Anunoby,SF,22,TOR,29.9,4.1,8.2,0.505,5.3,1.6,1.4,0.7,10.6,3
126,Cam Reddish,SF,20,ATL,26.7,3.7,9.6,0.384,3.7,1.5,1.1,0.5,10.5,3
127,Danuel House,SF,26,HOU,30.4,3.7,8.6,0.427,4.2,1.3,1.1,0.5,10.5,3
128,D.J. Augustin,PG,32,ORL,24.9,3.2,8.1,0.399,2.1,4.6,0.6,0,10.5,3
129,Jae Crowder,SF,29,MIA,28.8,3.5,8.7,0.401,5.9,2.5,1.1,0.4,10.5,3
130,Gary Harris,SG,25,DEN,31.8,3.9,9.3,0.42,2.9,2.1,1.4,0.3,10.4,3
131,Troy Brown Jr.,SG,20,WAS,25.8,4,9,0.439,5.6,2.6,1.2,0.1,10.4,3
132,Garrett Temple,SG,33,BRK,27.9,3.6,9.5,0.378,3.5,2.5,0.8,0.5,10.3,3
133,Thaddeus Young,PF,31,CHI,24.9,4.2,9.4,0.448,4.9,1.8,1.4,0.4,10.3,3
134,Malik Monk,SG,21,CHO,21.3,3.9,8.9,0.434,2.9,2.1,0.5,0.3,10.3,3
135,Langston Galloway,SG,28,DET,25.8,3.6,8.2,0.435,2.3,1.5,0.7,0.2,10.3,3
136,Doug McDermott,PF,28,IND,19.9,3.9,7.9,0.488,2.5,1.1,0.2,0.1,10.3,3
137,Shabazz Napier,PG,28,WAS,24,3.4,8.1,0.412,2.8,4.7,1.2,0.2,10.3,3
138,Larry Nance Jr.,C,27,CLE,26.3,4.1,7.7,0.531,7.3,2.2,1,0.4,10.1,3
139,Ben McLemore,SG,26,HOU,22.8,3.4,7.7,0.444,2.2,0.8,0.6,0.2,10.1,3
140,Josh Hart,SF,24,NOP,27,3.5,8.2,0.423,6.5,1.7,1,0.4,10.1,3
141,Bobby Portis,C,24,NYK,21.1,4,8.9,0.45,5.1,1.5,0.5,0.3,10.1,3
142,Kevin Porter Jr.,SF,19,CLE,23.2,3.7,8.4,0.442,3.2,2.2,0.9,0.3,10,3
143,Tomas Satoransky,PG,28,CHI,28.9,3.6,8.5,0.43,3.9,5.4,1.2,0.1,9.9,3
144,Furkan Korkmaz,SG,22,PHI,21.7,3.4,7.8,0.43,2.3,1.1,0.6,0.2,9.8,3
145,Joe Ingles,SF,32,UTA,29.7,3.4,7.7,0.445,3.9,5.2,0.9,0.2,9.8,3
146,Mitchell Robinson,C,21,NYK,23.1,4.1,5.6,0.742,7,0.6,0.9,2,9.7,3
147,Markieff Morris,PF,30,LAL,20.5,3.5,7.9,0.443,3.8,1.3,0.5,0.3,9.7,3
148,Dorian Finney-Smith,PF,26,DAL,29.9,3.4,7.4,0.466,5.7,1.6,0.6,0.5,9.5,3
149,Aaron Holiday,PG,23,IND,24.5,3.5,8.5,0.414,2.4,3.4,0.8,0.2,9.5,3
150,George Hill,PG,33,MIL,21.5,3.3,6.4,0.516,3,3.1,0.8,0.1,9.4,3
151,Michael Porter Jr.,PF,21,DEN,16.4,3.5,7,0.509,4.7,0.8,0.5,0.5,9.3,3
152,Marquese Chriss,PF,22,GSW,20.3,3.6,6.5,0.545,6.2,1.9,0.7,1.1,9.3,3
153,Landry Shamet,SG,22,LAC,27.4,3,7.4,0.404,1.9,1.9,0.4,0.2,9.3,3
154,Kentavious Caldwell-Pope,SG,26,LAL,25.5,3.4,7.3,0.467,2.1,1.6,0.8,0.2,9.3,3
155,Daniel Theis,C,27,BOS,24.1,3.7,6.6,0.566,6.6,1.7,0.6,1.3,9.2,3
156,Donte DiVincenzo,SG,23,MIL,23,3.5,7.7,0.455,4.8,2.3,1.3,0.3,9.2,3
157,Jarrett Culver,SG,20,MIN,23.9,3.7,9,0.404,3.4,1.7,0.9,0.6,9.2,3
158,Maxi Kleber,C,28,DAL,25.5,3.2,6.9,0.461,5.2,1.2,0.3,1.1,9.1,3
159,Mikal Bridges,SF,23,PHO,28,3.4,6.6,0.51,4,1.8,1.4,0.6,9.1,3
160,Monte Morris,PG,24,DEN,22.4,3.6,7.8,0.459,1.9,3.5,0.8,0.2,9,3
161,Sviatoslav Mykhailiuk,SF,22,DET,22.6,3,7.2,0.41,1.9,1.9,0.7,0.1,9,3
162,Derrick Favors,C,28,NOP,24.4,4.1,6.6,0.617,9.8,1.6,0.6,0.9,9,3
163,Bruce Brown,SG,23,DET,28.2,3.4,7.7,0.443,4.7,4,1.1,0.5,8.9,3
164,Gary Trent Jr.,SG,21,POR,21.8,3.2,7.2,0.444,1.6,1,0.8,0.3,8.9,3
165,Jordan Poole,SG,20,GSW,22.4,2.9,8.8,0.333,2.1,2.4,0.6,0.2,8.8,3
166,Austin Rivers,SG,27,HOU,23.4,3.1,7.4,0.421,2.6,1.7,0.7,0.1,8.8,3
167,Cameron Johnson,PF,23,PHO,22,3.1,7.1,0.435,3.3,1.2,0.6,0.4,8.8,3
168,Kent Bazemore,SF,30,SAC,24.8,2.9,7.9,0.375,4.3,1.4,1.1,0.6,8.8,3
169,Josh Okogie,SG,21,MIN,25,2.7,6.4,0.427,4.3,1.6,1.1,0.4,8.6,3
170,Derrick Jones Jr.,SF,22,MIA,23.3,3.1,5.9,0.527,3.9,1.1,1,0.6,8.5,3
171,DeAndre Jordan,C,31,BRK,22,3.4,5.1,0.666,10,1.9,0.3,0.9,8.3,3
172,Justin Holiday,SG,30,IND,25,2.8,6.7,0.428,3.3,1.3,1.2,0.6,8.3,3
173,Ivica Zubac,C,22,LAC,18.4,3.3,5.3,0.613,7.5,1.1,0.2,0.9,8.3,3
174,E'Twaun Moore,SG,30,NOP,18.2,3.3,7.8,0.426,2.3,1.4,0.6,0.2,8.3,3
175,Anfernee Simons,SG,20,POR,20.7,3.1,7.7,0.399,2.2,1.4,0.4,0.1,8.3,3
176,Jalen Brunson,PG,23,DAL,17.9,3.2,6.8,0.466,2.4,3.3,0.4,0.1,8.2,3
177,Kelly Olynyk,C,28,MIA,19.4,2.7,5.9,0.462,4.6,1.7,0.7,0.3,8.2,3
178,Enes Kanter,C,27,BOS,16.9,3.4,6,0.572,7.4,1,0.4,0.7,8.1,3
179,Tony Snell,SF,28,DET,27.8,2.9,6.5,0.445,1.9,2.2,0.5,0.3,8,3
180,Danny Green,SG,32,LAL,24.8,2.9,7,0.416,3.3,1.3,1.3,0.5,8,3
181,Alex Len,C,26,SAC,17.6,3.2,5.8,0.555,5.8,0.9,0.4,0.9,8,3
182,Trevor Ariza,SF,34,POR,28.2,2.7,6.1,0.438,4.6,1.7,1.3,0.3,8,3
183,Patrick Beverley,PG,31,LAC,26.3,2.9,6.7,0.431,5.2,3.6,1.1,0.5,7.9,3
184,Omari Spellman,PF,22,GSW,18.1,2.6,6,0.431,4.5,1,0.7,0.5,7.6,3
185,De'Anthony Melton,PG,21,MEM,19.5,2.7,6.7,0.401,3.7,2.9,1.3,0.3,7.6,3
186,Dwight Howard,C,34,LAL,18.9,2.9,4,0.729,7.3,0.7,0.4,1.1,7.5,3
187,Terence Davis,SG,22,TOR,16.8,2.8,6.1,0.456,3.3,1.6,0.5,0.2,7.5,3
188,Bismack Biyombo,C,27,CHO,19.4,2.8,5.2,0.543,5.8,0.9,0.2,0.9,7.4,3
189,Tyus Jones,PG,23,MEM,19,3,6.6,0.459,1.6,4.4,0.9,0.1,7.4,3
190,Wesley Matthews,SG,33,MIL,24.4,2.5,6.3,0.396,2.5,1.4,0.6,0.1,7.4,3
191,Jaxson Hayes,C,19,NOP,16.9,2.7,4,0.672,4,0.9,0.4,0.9,7.4,3
192,Nerlens Noel,C,25,OKC,18.5,3,4.4,0.684,4.9,0.9,1,1.5,7.4,3
193,Gorgui Dieng,C,30,MEM,17.4,2.6,5.8,0.456,5.6,1.2,0.8,0.9,7.4,3
194,Kris Dunn,PG,25,CHI,24.9,3,6.7,0.444,3.6,3.4,2,0.3,7.3,3
195,Emmanuel Mudiay,PG,23,UTA,15.7,2.8,6.1,0.462,2.3,2.1,0.4,0.2,7.3,3
196,Mason Plumlee,C,29,DEN,17.3,2.9,4.7,0.615,5.2,2.5,0.5,0.6,7.2,3
197,Willie Cauley-Stein,C,26,DAL,20.3,3.2,5.6,0.579,5.8,1.3,0.9,1.1,7.2,3
198,Rondae Hollis-Jefferson,SF,25,TOR,18.7,2.6,5.5,0.471,4.7,1.8,0.8,0.4,7,3
199,Brad Wanamaker,PG,30,BOS,19.3,2.3,5.1,0.448,2,2.5,0.9,0.2,6.9,3
200,Delon Wright,SG,27,DAL,21.5,2.6,5.6,0.462,3.8,3.3,1.2,0.3,6.9,3
201,P.J. Tucker,PF,34,HOU,34.3,2.5,5.9,0.415,6.6,1.6,1.1,0.5,6.9,3
202,JaMychal Green,PF,29,LAC,20.7,2.4,5.6,0.429,6.2,0.8,0.5,0.4,6.8,3
203,Kyle Korver,SF,38,MIL,16.6,2.2,5.1,0.43,2.1,1.2,0.4,0.2,6.7,3
204,Damyean Dotson,SG,25,NYK,17.4,2.5,6,0.414,1.9,1.2,0.5,0.1,6.7,3
205,JaVale McGee,C,32,LAL,16.6,2.9,4.5,0.637,5.7,0.5,0.5,1.4,6.6,3
206,Ersan Ilyasova,PF,32,MIL,15.7,2.3,5,0.466,4.8,0.8,0.4,0.3,6.6,3
207,Nicolò Melli,C,29,NOP,17.4,2.3,5.4,0.421,3,1.4,0.6,0.4,6.6,3
208,Chris Boucher,PF,27,TOR,13.2,2.3,4.8,0.472,4.5,0.4,0.4,1,6.6,3
209,James Ennis,SF,29,ORL,18.3,2.3,5.2,0.446,3.6,0.9,0.5,0.3,6.6,3
210,T.J. McConnell,PG,27,IND,18.7,3,5.8,0.516,2.7,5,0.8,0.2,6.5,3
211,Kevin Knox,SF,20,NYK,17.9,2.2,6.2,0.359,2.8,0.9,0.4,0.4,6.4,3
212,Cory Joseph,PG,28,SAC,24.4,2.4,5.7,0.415,2.6,3.5,0.7,0.3,6.4,3
213,Lonnie Walker,SG,21,SAS,16.2,2.5,5.9,0.426,2.3,1.1,0.5,0.2,6.4,3
214,Trey Lyles,PF,24,SAS,20.2,2.4,5.4,0.446,5.7,1.1,0.4,0.4,6.4,3
215,Frank Jackson,PG,21,NOP,13.5,2.3,5.6,0.405,1.4,1,0.3,0.1,6.3,3
216,Frank Ntilikina,PG,21,NYK,20.8,2.3,5.8,0.393,2.1,3,0.9,0.3,6.3,3
217,Abdel Nader,SF,26,OKC,15.8,2.2,4.8,0.468,1.8,0.7,0.4,0.4,6.3,3
218,Marco Belinelli,SG,33,SAS,15.5,2.2,5.5,0.392,1.7,1.2,0.2,0,6.3,3
219,Royce O'Neale,PF,26,UTA,28.9,2.2,5.1,0.433,5.5,2.5,0.8,0.5,6.3,3
220,Taj Gibson,C,34,NYK,16.5,2.7,4.6,0.584,4.3,0.8,0.4,0.5,6.1,3
221,Mike Scott,PF,31,PHI,17.8,2.2,5.1,0.426,3.6,0.8,0.3,0.1,6,3
222,Marvin Williams,PF,33,MIL,19.5,2.1,4.6,0.446,3.2,1,0.6,0.5,5.9,3
223,Georges Niang,PF,26,UTA,14,2.1,4.9,0.438,1.9,0.7,0.3,0.1,5.9,3
224,Kyle Anderson,PF,26,MEM,19.9,2.3,4.9,0.474,4.3,2.4,0.8,0.6,5.8,3
225,Wesley Iwundu,SF,25,ORL,18.3,1.9,4.5,0.416,2.5,1.2,0.5,0.3,5.8,3
226,Maurice Harkless,SF,26,NYK,23,2.3,4.6,0.502,3.9,1.1,0.9,0.5,5.8,3
227,Damian Jones,C,24,ATL,16.1,2.2,3.2,0.68,3.7,0.6,0.5,0.7,5.6,3
228,Darius Bazley,PF,19,OKC,18.5,2,5.2,0.394,4,0.7,0.4,0.7,5.6,3
229,Jakob Poeltl,C,24,SAS,17.7,2.5,4,0.624,5.7,1.8,0.6,1.4,5.6,3
230,Justin Jackson,PF,24,DAL,16.1,2.1,5.2,0.396,2.4,0.8,0.2,0.2,5.5,3
231,Alex Caruso,PG,25,LAL,18.4,1.9,4.5,0.412,1.9,1.9,1.1,0.3,5.5,3
232,Solomon Hill,SF,28,MIA,18.4,1.9,4.7,0.396,2.8,1.8,0.7,0.2,5.5,3
233,Torrey Craig,SF,29,DEN,18.5,2.1,4.6,0.461,3.3,0.8,0.4,0.6,5.4,3
234,Robin Lopez,C,31,MIL,14.5,2.2,4.5,0.492,2.4,0.7,0.2,0.7,5.4,3
235,Pat Connaughton,SG,27,MIL,18.6,2,4.5,0.455,4.2,1.6,0.4,0.5,5.4,3
236,Mo Bamba,C,21,ORL,14.2,2.1,4.6,0.462,4.9,0.7,0.4,1.4,5.4,3
237,Sterling Brown,SF,24,MIL,14.8,1.8,4.9,0.371,3.5,1,0.6,0.1,5.1,3
238,Raul Neto,PG,27,PHI,12.4,1.9,4.1,0.455,1.1,1.8,0.4,0.1,5.1,3
239,Jerome Robinson,SG,22,WAS,15.5,1.8,4.9,0.371,2,1.4,0.4,0.3,5.1,3
240,Vince Carter,SF,43,ATL,14.6,1.8,5.1,0.352,2.1,0.8,0.4,0.4,5,3
241,Cody Martin,SF,24,CHO,18.8,1.9,4.3,0.43,3.3,2,0.8,0.2,5,3
242,Isaac Bonga,SF,20,WAS,18.9,1.8,3.5,0.504,3.4,1.2,0.7,0.3,5,3
243,Patrick Patterson,PF,30,LAC,13.2,1.6,3.9,0.408,2.6,0.7,0.1,0.1,4.9,3
244,Jevon Carter,PG,24,PHO,16.3,1.7,4.2,0.416,2,1.4,0.8,0.3,4.9,3
245,Tony Bradley,C,22,UTA,11.4,2.2,3.3,0.667,4.6,0.4,0.2,0.6,4.9,3
246,Mario Hezonja,PF,24,POR,16.4,1.7,4.1,0.422,3.5,0.9,0.7,0.2,4.8,3
247,Thon Maker,C,22,DET,12.9,1.6,3.2,0.482,2.8,0.7,0.4,0.7,4.7,3
248,Matisse Thybulle,SG,22,PHI,19.8,1.7,4.1,0.423,1.6,1.2,1.4,0.7,4.7,3
249,Ryan Arcidiacono,PG,25,CHI,16,1.6,3.8,0.409,1.9,1.7,0.5,0.1,4.5,3
250,Treveon Graham,SG,26,ATL,16.9,1.6,4.4,0.36,2.7,0.8,0.4,0.1,4.4,3
251,Bruno Fernando,C,21,ATL,12.7,1.8,3.6,0.518,3.5,0.9,0.3,0.3,4.3,3
252,Elie Okobo,PG,22,PHO,13.1,1.3,3.3,0.398,1.6,2.1,0.4,0.1,4,3
253,Terrance Ferguson,SF,21,OKC,22.4,1.4,3.9,0.355,1.3,0.9,0.5,0.3,3.9,3
254,Anthony Tolliver,PF,34,MEM,15.9,1.2,3.3,0.357,2.8,0.8,0.3,0.2,3.6,3
255,Grant Williams,PF,21,BOS,15.1,1.3,3.1,0.412,2.6,1,0.4,0.5,3.4,3
256,Semi Ojeleye,PF,25,BOS,14.7,1.2,2.8,0.408,2.1,0.5,0.3,0.1,3.4,3
257,Rodney McGruder,SG,28,LAC,15.6,1.3,3.2,0.398,2.7,0.6,0.5,0.1,3.3,3
258,Goga Bitadze,C,20,IND,8.7,1.3,2.8,0.467,2,0.4,0.2,0.7,3.2,3
259,Matthew Dellavedova,PG,29,CLE,14.4,1.1,3.1,0.354,1.3,3.2,0.4,0,3.1,3
